"REF_DATE","GEO","DGUID","Tourism share","UOM","UOM_ID","SCALAR_FACTOR","SCALAR_ID","VECTOR","COORDINATE","VALUE","STATUS","SYMBOL","TERMINATED","DECIMALS"
"2010-01","Canada","2016A000011124","Tourism share of gross domestic product at basic prices, seasonally adjusted at annual rates","Percent","239","units","0","v65198952","1.1","1.81","","","","2"
"2010-04","Canada","2016A000011124","Tourism share of gross domestic product at basic prices, seasonally adjusted at annual rates","Percent","239","units","0","v65198952","1.1","1.83","","","","2"
"2010-07","Canada","2016A000011124","Tourism share of gross domestic product at basic prices, seasonally adjusted at annual rates","Percent","239","units","0","v65198952","1.1","1.85","","","","2"
"2010-10","Canada","2016A000011124","Tourism share of gross domestic product at basic prices, seasonally adjusted at annual rates","Percent","239","units","0","v65198952","1.1","1.85","","","","2"
"2011-01","Canada","2016A000011124","Tourism share of gross domestic product at basic prices, seasonally adjusted at annual rates","Percent","239","units","0","v65198952","1.1","1.81","","","","2"
"2011-04","Canada","2016A000011124","Tourism share of gross domestic product at basic prices, seasonally adjusted at annual rates","Percent","239","units","0","v65198952","1.1","1.83","","","","2"
"2011-07","Canada","2016A000011124","Tourism share of gross domestic product at basic prices, seasonally adjusted at annual rates","Percent","239","units","0","v65198952","1.1","1.81","","","","2"
"2011-10","Canada","2016A000011124","Tourism share of gross domestic product at basic prices, seasonally adjusted at annual rates","Percent","239","units","0","v65198952","1.1","1.82","","","","2"
"2012-01","Canada","2016A000011124","Tourism share of gross domestic product at basic prices, seasonally adjusted at annual rates","Percent","239","units","0","v65198952","1.1","1.84","","","","2"
"2012-04","Canada","2016A000011124","Tourism share of gross domestic product at basic prices, seasonally adjusted at annual rates","Percent","239","units","0","v65198952","1.1","1.84","","","","2"
"2012-07","Canada","2016A000011124","Tourism share of gross domestic product at basic prices, seasonally adjusted at annual rates","Percent","239","units","0","v65198952","1.1","1.83","","","","2"
"2012-10","Canada","2016A000011124","Tourism share of gross domestic product at basic prices, seasonally adjusted at annual rates","Percent","239","units","0","v65198952","1.1","1.83","","","","2"
"2013-01","Canada","2016A000011124","Tourism share of gross domestic product at basic prices, seasonally adjusted at annual rates","Percent","239","units","0","v65198952","1.1","1.81","","","","2"
"2013-04","Canada","2016A000011124","Tourism share of gross domestic product at basic prices, seasonally adjusted at annual rates","Percent","239","units","0","v65198952","1.1","1.81","","","","2"
"2013-07","Canada","2016A000011124","Tourism share of gross domestic product at basic prices, seasonally adjusted at annual rates","Percent","239","units","0","v65198952","1.1","1.80","","","","2"
"2013-10","Canada","2016A000011124","Tourism share of gross domestic product at basic prices, seasonally adjusted at annual rates","Percent","239","units","0","v65198952","1.1","1.79","","","","2"
"2014-01","Canada","2016A000011124","Tourism share of gross domestic product at basic prices, seasonally adjusted at annual rates","Percent","239","units","0","v65198952","1.1","1.78","","","","2"
"2014-04","Canada","2016A000011124","Tourism share of gross domestic product at basic prices, seasonally adjusted at annual rates","Percent","239","units","0","v65198952","1.1","1.79","","","","2"
"2014-07","Canada","2016A000011124","Tourism share of gross domestic product at basic prices, seasonally adjusted at annual rates","Percent","239","units","0","v65198952","1.1","1.80","","","","2"
"2014-10","Canada","2016A000011124","Tourism share of gross domestic product at basic prices, seasonally adjusted at annual rates","Percent","239","units","0","v65198952","1.1","1.82","","","","2"
"2015-01","Canada","2016A000011124","Tourism share of gross domestic product at basic prices, seasonally adjusted at annual rates","Percent","239","units","0","v65198952","1.1","1.87","","","","2"
"2015-04","Canada","2016A000011124","Tourism share of gross domestic product at basic prices, seasonally adjusted at annual rates","Percent","239","units","0","v65198952","1.1","1.93","","","","2"
"2015-07","Canada","2016A000011124","Tourism share of gross domestic product at basic prices, seasonally adjusted at annual rates","Percent","239","units","0","v65198952","1.1","1.96","","","","2"
"2015-10","Canada","2016A000011124","Tourism share of gross domestic product at basic prices, seasonally adjusted at annual rates","Percent","239","units","0","v65198952","1.1","1.98","","","","2"
"2016-01","Canada","2016A000011124","Tourism share of gross domestic product at basic prices, seasonally adjusted at annual rates","Percent","239","units","0","v65198952","1.1","1.97","","","","2"
"2016-04","Canada","2016A000011124","Tourism share of gross domestic product at basic prices, seasonally adjusted at annual rates","Percent","239","units","0","v65198952","1.1","2.00","","","","2"
"2016-07","Canada","2016A000011124","Tourism share of gross domestic product at basic prices, seasonally adjusted at annual rates","Percent","239","units","0","v65198952","1.1","2.01","","","","2"
"2016-10","Canada","2016A000011124","Tourism share of gross domestic product at basic prices, seasonally adjusted at annual rates","Percent","239","units","0","v65198952","1.1","1.99","","","","2"
"2017-01","Canada","2016A000011124","Tourism share of gross domestic product at basic prices, seasonally adjusted at annual rates","Percent","239","units","0","v65198952","1.1","1.99","","","","2"
"2017-04","Canada","2016A000011124","Tourism share of gross domestic product at basic prices, seasonally adjusted at annual rates","Percent","239","units","0","v65198952","1.1","2.00","","","","2"
"2017-07","Canada","2016A000011124","Tourism share of gross domestic product at basic prices, seasonally adjusted at annual rates","Percent","239","units","0","v65198952","1.1","2.01","","","","2"
"2017-10","Canada","2016A000011124","Tourism share of gross domestic product at basic prices, seasonally adjusted at annual rates","Percent","239","units","0","v65198952","1.1","1.98","","","","2"
"2018-01","Canada","2016A000011124","Tourism share of gross domestic product at basic prices, seasonally adjusted at annual rates","Percent","239","units","0","v65198952","1.1","1.98","","","","2"
"2018-04","Canada","2016A000011124","Tourism share of gross domestic product at basic prices, seasonally adjusted at annual rates","Percent","239","units","0","v65198952","1.1","1.99","","","","2"
"2018-07","Canada","2016A000011124","Tourism share of gross domestic product at basic prices, seasonally adjusted at annual rates","Percent","239","units","0","v65198952","1.1","2.01","","","","2"
"2018-10","Canada","2016A000011124","Tourism share of gross domestic product at basic prices, seasonally adjusted at annual rates","Percent","239","units","0","v65198952","1.1","2.02","","","","2"
"2019-01","Canada","2016A000011124","Tourism share of gross domestic product at basic prices, seasonally adjusted at annual rates","Percent","239","units","0","v65198952","1.1","2.03","","","","2"
"2019-04","Canada","2016A000011124","Tourism share of gross domestic product at basic prices, seasonally adjusted at annual rates","Percent","239","units","0","v65198952","1.1","2.03","","","","2"
"2019-07","Canada","2016A000011124","Tourism share of gross domestic product at basic prices, seasonally adjusted at annual rates","Percent","239","units","0","v65198952","1.1","2.01","","","","2"
"2019-10","Canada","2016A000011124","Tourism share of gross domestic product at basic prices, seasonally adjusted at annual rates","Percent","239","units","0","v65198952","1.1","1.99","","","","2"
"2020-01","Canada","2016A000011124","Tourism share of gross domestic product at basic prices, seasonally adjusted at annual rates","Percent","239","units","0","v65198952","1.1","1.75","","","","2"
"2020-04","Canada","2016A000011124","Tourism share of gross domestic product at basic prices, seasonally adjusted at annual rates","Percent","239","units","0","v65198952","1.1","0.60","","","","2"
"2020-07","Canada","2016A000011124","Tourism share of gross domestic product at basic prices, seasonally adjusted at annual rates","Percent","239","units","0","v65198952","1.1","0.83","","","","2"
"2020-10","Canada","2016A000011124","Tourism share of gross domestic product at basic prices, seasonally adjusted at annual rates","Percent","239","units","0","v65198952","1.1","0.78","","","","2"
"2021-01","Canada","2016A000011124","Tourism share of gross domestic product at basic prices, seasonally adjusted at annual rates","Percent","239","units","0","v65198952","1.1","0.80","","","","2"
"2021-04","Canada","2016A000011124","Tourism share of gross domestic product at basic prices, seasonally adjusted at annual rates","Percent","239","units","0","v65198952","1.1","0.83","","","","2"
"2021-07","Canada","2016A000011124","Tourism share of gross domestic product at basic prices, seasonally adjusted at annual rates","Percent","239","units","0","v65198952","1.1","1.14","","","","2"
"2021-10","Canada","2016A000011124","Tourism share of gross domestic product at basic prices, seasonally adjusted at annual rates","Percent","239","units","0","v65198952","1.1","1.33","","","","2"
"2022-01","Canada","2016A000011124","Tourism share of gross domestic product at basic prices, seasonally adjusted at annual rates","Percent","239","units","0","v65198952","1.1","1.30","","","","2"
"2022-04","Canada","2016A000011124","Tourism share of gross domestic product at basic prices, seasonally adjusted at annual rates","Percent","239","units","0","v65198952","1.1","1.54","","","","2"
"2022-07","Canada","2016A000011124","Tourism share of gross domestic product at basic prices, seasonally adjusted at annual rates","Percent","239","units","0","v65198952","1.1","1.64","","","","2"
"2022-10","Canada","2016A000011124","Tourism share of gross domestic product at basic prices, seasonally adjusted at annual rates","Percent","239","units","0","v65198952","1.1","1.70","","","","2"
"2023-01","Canada","2016A000011124","Tourism share of gross domestic product at basic prices, seasonally adjusted at annual rates","Percent","239","units","0","v65198952","1.1","1.77","","","","2"
"2023-04","Canada","2016A000011124","Tourism share of gross domestic product at basic prices, seasonally adjusted at annual rates","Percent","239","units","0","v65198952","1.1","1.78","","","","2"
"2023-07","Canada","2016A000011124","Tourism share of gross domestic product at basic prices, seasonally adjusted at annual rates","Percent","239","units","0","v65198952","1.1","1.77","","","","2"
"2023-10","Canada","2016A000011124","Tourism share of gross domestic product at basic prices, seasonally adjusted at annual rates","Percent","239","units","0","v65198952","1.1","1.78","","","","2"
"2024-01","Canada","2016A000011124","Tourism share of gross domestic product at basic prices, seasonally adjusted at annual rates","Percent","239","units","0","v65198952","1.1","1.78","","","","2"
"2024-04","Canada","2016A000011124","Tourism share of gross domestic product at basic prices, seasonally adjusted at annual rates","Percent","239","units","0","v65198952","1.1","1.78","","","","2"
"2024-07","Canada","2016A000011124","Tourism share of gross domestic product at basic prices, seasonally adjusted at annual rates","Percent","239","units","0","v65198952","1.1","1.74","","","","2"
"2024-10","Canada","2016A000011124","Tourism share of gross domestic product at basic prices, seasonally adjusted at annual rates","Percent","239","units","0","v65198952","1.1","1.79","","","","2"
"2025-01","Canada","2016A000011124","Tourism share of gross domestic product at basic prices, seasonally adjusted at annual rates","Percent","239","units","0","v65198952","1.1","1.74","","","","2"


